bilang,BISAYA0,ingon,kas,as,,
ako,BISAYA1,ako,siak,I,,
kanyang,BISAYA2,iya,kenkuana,his,,
na,BISAYA3,na,a,that,,
siya,BISAYA4,siya,isuna,he,,
noon ay,BISAYA5,mao,ket,was,,
para sa,BISAYA6,kay,para,for,, 
sa,BISAYA7,sa,iti,on,,
ay,BISAYA8,ay,a,are,,
may,BISAYA9,naay,adda,with,,
sila,BISAYA10,sila,isuda,they,,
maging,BISAYA11,mahimong,agbalin a,be,,
sa,BISAYA12,sa,iti,at,,
isa,BISAYA13,usa,maysa,one,,
mayroon,BISAYA14,naay,adda,have,,
ito,BISAYA15,ini,daytoy,this,,
mula sa,BISAYA16,gikan sa,manipud,from,,
sa pamamagitan ng,BISAYA17,pinaagi sa,babaen,by,,
mainit,BISAYA18,mainit,napudot,hot,,
salita,BISAYA19,mga pulong,sarita,word,,
ngunit,BISAYA20,apan,ngem,but,,
ano,BISAYA21,unsa,ania,what,,
ilang,BISAYA22,pila ka,dadduma kadagiti,some,,
ay,BISAYA23,ay,a,is,,
ito,BISAYA24,ini,daytoy,it,,
sa iyo,BISAYA25,sayo,kukuam,yours,,
o,BISAYA26,o,wenno,or,,
nagkaroon,BISAYA27,adunay,addaan idi,had,,
ang,BISAYA28,ang,ti,the,,
ng,BISAYA29,ng,iti,of,,
sa,BISAYA30,sa,iti,to,,
at,BISAYA31,ug,ken,and,,
isang,BISAYA32,usa ka,maysa a,a,,
sa,BISAYA33,ug,iti,in,,
namin,BISAYA34,kita,sikami,we,,
maaari,BISAYA35,mahimo,kabaelan,can,,
labas,BISAYA36,gawas,ruar,out,,
iba,BISAYA37,lain,sabali,different,,
ay,BISAYA38,ay,a,were,,
alin,BISAYA39,nga,ania,which,,
gawin,BISAYA40,buhata,aramiden,do,,
kanila,BISAYA41,ila,isuda,their,,
oras,BISAYA42,oras,oras,time,,
kung,BISAYA43,kon,no,if,,
kalooban,BISAYA44,kabubut-on,pagayatan,will,,
paano,BISAYA45,unsaon,kasano,how,,
sinabi,BISAYA46,miingon,imbaga,said,,
isang,BISAYA47,usa ka,maysa,an,,
bawat,BISAYA48,matag usa,kada,each,,
sabihan,BISAYA49,sultihan,ibaga,tell,,
ginagawa,BISAYA50,gibuhat,agar-aramid,does,,
hanay,BISAYA51,koleksyon,kaadayo,set,,
tatlong,BISAYA52,tulo,tallo,three,,
gusto,BISAYA53,gusto,kayat,want,,
hanging,BISAYA54,hangin,angin,air,,
mabuti,BISAYA55,maayo,nasayaat,well,,
din,BISAYA56,usab,met,also,,
maglaro,BISAYA57,magdula,agay-ayam,play,,
maliit,BISAYA58,gamay,bassit,small,,
wakas,BISAYA59,katapusan,gibus,end,,
ilagay,BISAYA60,ibutang,ikabil,put,,
tahanan,BISAYA61,balay,balay,home,,
basahin,BISAYA62,basaha,basaen,read,,
kamay,BISAYA63,kamot,ima,hand,,
port,BISAYA64,pantalan,puerto,port,,
malaki,BISAYA65,dako,dakkel,large,,
paghayag,BISAYA66,paglitok,ibaga,express,,
magdagdag,BISAYA67,idugang,agnayon,add,,
kahit,BISAYA68,bisan,uray,even,,
lupa,BISAYA69,yuta,daga,land,,
dito,BISAYA70,dini,ditoy,here,,
kailangan,BISAYA71,kinanghalan,kasapulan,must,,
malaki,BISAYA72,dako,dakkel,big,,
mataas,BISAYA73,taas,nangato,high,,
tulad,BISAYA74,ignon,kas,such,,
sundin,BISAYA75,masunod,suruten,follow,,
kumilos,BISAYA76,malihok,aramid,act,,
bakit,BISAYA77,ngano,apay,why,,
magtanong,BISAYA78,mangutana,agdamag,ask,,
lalaki,BISAYA79,lalaki,lalaki,men,,
pagbabago,BISAYA80,pagbabag-o,baliwan,change,,
nagpunta,BISAYA81,miadto,napan,went,,
liwanag,BISAYA82,kahayag,silaw,light,,
uri,BISAYA83,matang,kita,kind,,
paalis,BISAYA84,mabiya,paalis,off,,
kailangan,BISAYA85,kinanghalan,kasapulan,need,,
bahay,BISAYA86,balay,balay,house,,
larawan,BISAYA87,halugway,ladawan,picture,,
subukan,BISAYA88,masulay,padasen,try,,
tayo,BISAYA89,kanato,sitayo,us,,
muli,BISAYA90,pag-usab,manen,again,,
hayop,BISAYA91,hayop,animal,animal,,
punto,BISAYA92,punto,punto,point,,
nanay,BISAYA93,inahan,inang,mother,,
mundo,BISAYA94,kalibutan,lubong,world,,
malapit,BISAYA95,duol,asideg,near,,
magtayo,BISAYA96,magtukod,ipatakder,build,,
sarili,BISAYA97,kauglingon,bagi,self,,
lupa,BISAYA98,yuta,lupa,earth,,
ama,BISAYA99,amahan,tatang,father,,
anuman,BISAYA100,bisan unsa,anuman,any,,
bago,BISAYA101,bag-o,baro,new,,
trabaho,BISAYA102,trabaho,obra,work,,
bahagi,BISAYA103,bahin,parte,part,,
kumuha,BISAYA104,kuhaa,ála,take,,
kumuha,BISAYA105,kuhaa,ála,get,,
lugar,BISAYA106,dapit,lugar,place,,
ginawa,BISAYA107,gihimo,,made,,
mabuhay,BISAYA108,mabuhi,biag,live,,
saan,BISAYA109,diin,ayan,where,,
pagkatapos,BISAYA110,human,,after,,
likod,BISAYA111,likod,likod,back,,
maliit,BISAYA112,gamay,bassit,little,,
lamang,BISAYA113,lamang,laeng,only,,
bilog,BISAYA114,lingin,nagbukel,round,,
tao,BISAYA115,tawo,tao,man,,
taon,BISAYA116,tuig,tawen,year,,
dumating,BISAYA117,niabot,ummay,came,,
ipalabas,BISAYA118,pasundayag,ipakitam,show,,
bawat,BISAYA119,matag,kada,every,,
mabuti,BISAYA120,maayo,naimbag,good,,
sa akin,BISAYA121,kanako,siak,me,,
magbigay,BISAYA122,mahatag,ikkan,give,,
amin,BISAYA123,amua,ta,our,,
ilalim,BISAYA124,ilalom,baba,under,,
pangalan,BISAYA125,ngalan,Nagan,name,,
napaka,BISAYA126,kaayo,agpaysó,very,,
sa pamamagitan ng,BISAYA127,pinaagi sa,,through,,
lamang,BISAYA128,lamang,pay,just,,
paraan,BISAYA129,paagi,sistema,method,,
pangungusap,BISAYA130,sentensya,keddeng,sentence,,
mahusay,BISAYA131,maayo,dakkel,great,,
isip,BISAYA132,hunahuna,panunot,think,,
sabihin,BISAYA133,ingon,kuna,say,,
tulungan,BISAYA134,tabangan,tulong,help,,
mababa,BISAYA135,ubos,baba,low,,
linya,BISAYA136,linya,linia,line,,
mag-iba,BISAYA137,magkalahi,diperensia,differ,,
pagliko,BISAYA138,liko,likko,turn,,
dahilan,BISAYA139,rason,gapu,cause,,
magkano,BISAYA140,tagpila,Sagmamano,how much,,
kahulugan,BISAYA141,kahulugan,kaipapananna,meaning,,
bago,BISAYA142,sa dili pa,sakbay,before,,
paglipat,BISAYA143,ibalhin,akar,move,,
karapatan,BISAYA144,karapatan,rebbeng,right,,
lalaki,BISAYA145,lalaki,lalaki,boy,,
luma,BISAYA146,tigulang,daan,old,,
masyado,BISAYA147,sobra kaayo,ultimo,too,,
pareho,BISAYA148,pareha,pareho,same,,
siya,BISAYA149,siya,isu,she,,
lahat,BISAYA150,tanan,amin,all,,
doon,BISAYA151,didto,dita,there,,
kailan,BISAYA152,kanus-a,kaano,when,,
taas,BISAYA153,ibabaw,ngato,up,,
gamitin,BISAYA154,gamiton,usar,use,,
iyong,BISAYA155,imong,yo,your,,
paraan,BISAYA156,paagi,sistema,way,,
tungkol sa,BISAYA157,mahitungod sa,agsipud,about,,
marami,BISAYA158,daghan,adu,many,,
pagkatapos,BISAYA159,unya,ngarud,then,,
sila,BISAYA160,sila,isuda,them,,
sumulat,BISAYA161,sumulat,surat,write,,
ibig,BISAYA162,unta,kayat,would,,
tulad ng,BISAYA163,sama ra,gusto,like,,
kaya,BISAYA164,busa,gaway,so,,
mga,BISAYA165,mga,dagitoy,these,,
kanya,BISAYA166,iya,na,her,,
mahaba,BISAYA167,haba,tiddog,long,,
gumawa,BISAYA168,mahimo,aramid,make,,
bagay,BISAYA169,butang,alikamen,thing,,
tingnan,BISAYA170,tan-awa,kita,see,,
kanya,BISAYA171,iya,na,him,,
dalawang,BISAYA172,duha,dua,two,,
may,BISAYA173,naay,,has,,
tumingin,BISAYA174,mangita,kita,look,,
higit pa,BISAYA175,labaw pa,manen,more,,
araw,BISAYA176,adlaw,aldaw,day,,
maari,BISAYA177,mahimo,aramid,could,,
pumunta,BISAYA178,lakaw,ruar,go,,
dumating,BISAYA179,niabot,umay,come,,
ginawa,BISAYA180,gihimo,samak,did,,
numero,BISAYA181,numero,numero,number,,
tunog,BISAYA182,tingog,uni,sound,,
walang,BISAYA183,wala,saan,no,,
karamihan,BISAYA184,kadaghanan,kaaduan,most,,
mga tao,BISAYA185,tawo,tao,people,,
aking,BISAYA186,akong,akong,my,,
sa ibabaw,BISAYA187,ibabaw,ngato,over,,
alam,BISAYA188,nahibalo,ammo,know,,
tubig,BISAYA189,tubig,danom,water,,
kaysa,BISAYA190,kay sa,ngem,than,,
tawag,BISAYA191,tawag,ayab,call,,
unang,BISAYA192,usa,umuna,first,,
sino,BISAYA193,kinsa,sinno,who,,
maaari,BISAYA194,mahimo,,may,,
pababa,BISAYA195,ubos,baba,down,,
gilid,BISAYA196,gilid,sikigan,side,,
naging,BISAYA197,nahimong,sigud,been,,
ngayon,BISAYA198,karon,ita,now,,
hanapin,BISAYA199,pangitaa,saraken,find,,
ulo,BISAYA200,ulo,ulo,head,,
tumayo,BISAYA201,tindog,takder,stand,,
sarili,BISAYA202,kaugalingon,kukua,own,,
pahina,BISAYA203,panid,panid,page,,
dapat,BISAYA204,gyod,koma,should,,
bansa,BISAYA205,nasod,pagilian,country,,
natagpuan,BISAYA206,napalgan,birok,found,,
sagot,BISAYA207,tubag,sungbat,answer,,
paaralan,BISAYA208,eskwelahan,eskuela,school,,
lumaki,BISAYA209,tubo(tú.bû),tubo,grow,,
pag-aaral,BISAYA210,tuon,adal,study,,
pa rin,BISAYA211,pa,talna,still,,
malaman,BISAYA212,pagsabot,sursuro,learn,,
halaman,BISAYA213,tanom,mula,plant,,
pabalat,BISAYA214,hapin,abbong,cover,,
pagkain,BISAYA215,pagkaon,kanen,food,,
sun,BISAYA216,adlaw,init,sun,,
apat,BISAYA217,upat,uppat,four,,
sa pagitan ng,BISAYA218,tali,nagbaetan,between,,
estado,BISAYA219,estado,estado,state,,
panatilihin,BISAYA220,huptan,,keep,,
mata,,mata,mata,eye,,
hindi kailanman,,dili gayud,pulos,never,,
huli,,huli,maudi,last,,
ipaalam,,pasagdan,palabasen,let,,
pag-iisip,,naghunahuna,panunot,thought,,
lungsod,,siyudad,siudad,city,,
puno,,puno,kayo,tree,,
tumawid,,mitabok ,krus,cross,,
sakahan,,umahan,dingguen,farm,,
matapang,,isog,natangken,hard,,
simula,,pagsugod,rugi,start,,
lakas,,kusog,bileg,might,,
kuwento,,istorya,pakasaritaan,story,,
nakita,,nakita,raggadien,saw,,
layo,,layo,adayo,far,,
dagat,,dagat,baybay,sea,,
gumuhit,,drowing,iladawan,draw,,
ang natitira,,sa wala,kannigid,left,,
late,,ulahi,naladaw,late,,
tumakbo,,dagan,agtaray,run,,
hindi,,hindi,di,don’t,,
habang,,samtang,bayat,while,,
pindutin ang,,press,talmeg,press,,
malapit,,duol,rikep,close,,
gabi,,gabii,rabii,night,,
tunay,,tinuod,agpayso,real,,
buhay,,kinabuhi,biag,life,,
iilan,,pipila,bassit,few,,
hilaga,,amihanan,amianan,north,,
aklat,,libro,libro,book,,
dalhin,,dad-on,sakroy,carry,,
kinuha,,gikuha,ala,took,,
agham,,siyensiya,siensia,science,,
kumain,,kaon,kannigid,eat,,
silid,,lawak,siled,room,,
kaibigan,,higala,gayyem,friend,,
nagsimula,,nagsugod,agrugi,began,,
idea,,ideya,idea,idea,,
isda,,isda,ikan,fish,,
bundok,,bukid,bantay,mountain,,
tigil,,hunong,sardeng,stop,,
minsan,,usahay,naminsan,once,,
base,,base,base,base,,
pakinggan,,paminaw,dengngeg,hear,,
kabayo,,kabayo,kabalio,horse,,
hiwa,,giputol,puted,cut,,
sigurado,,sigurado,sigurado,sure,,
panoorin,,tan-awa,,watch,,
kulay,,kolor,maris,color,,
mukha,,nawong,rupa,face,,
wood,,kahoy,kayo,wood,,
pangunahin,,nag-una,kangrunaan,main,,
bukas,,ugma,lukat,open,,
mukhang,,murag,casla,seem,,
magkasama,,kauban,agcuyog,together,,
sunod,,sunod,sumaganad,next,,
puti,,puti,puraw,white,,
mga bata,,mga bata,annak,children,,
simulan,,pagsugod,irugi,begin,,
Nakakuha,,nakuha,ala,got,,
lumakad,,lakaw,magna,walk,,
halimbawa,,pananglitan,pagarigan,example,,
luwag,,kasayon,panaginana,ease,,
papel,,papel,papel,paper,,
pangkat,,ranggo,grupo,group,,
palagi,,kanunay ,kanayon,always,,
musika,,musika,musika,music,,
iyon,,nga ,dagidiay,those,,
kapwa,,duha ,isuda a dua,both,,
mark,,marka ,marca,mark,,
madalas,,kasagaran ,masansan,often,,
sulat,,sulat,surat,letter,,
hanggang sa,,hangtod ,inggana,until,,
milya,,milya,milia,mile,,
ilog,,suba ,karayan,river,,
kotse,,sakyanan ,kotse,car,,
paa,,tiil ,saka,feet,,
pag-aalaga,,pag-atiman ,manangaasi,care,,
pangalawa,,ikaduha ,kanito,second,,
sapat,,igo ,umanay,enough,,
plain,,yano ,tanap,plain,,
batang babae,,babaye ,babai,girl,,
karaniwan,,kasagaran ,gagangay,usual,,
batang,,batan-on ,ubing,young,,
handa,,andam ,pudno,ready,,
sa itaas,,sa ibabaw ,ngato,above,,
kailanman,,sa kanunay ,agnanayon,ever,,
pula,,pula,nalabbaga,red,,
listahan,,listahan,lista,list,,
bagaman,,bisan pa ,nupay,though,,
pakiramdam,,pagbati ,ricnaen,feel,,
usapan,,pagsulti ,sarita,talk,,
ibon,,mga langgam ,billit,bird,,
malapit na,,sa dili madugay ,madamdama,soon,,
katawan,,lawas ,bagi,body,,
aso,,iro ,aso,dog,,
pamilya,,pamilya,familia,family,,
direct,,direkta ,nalinisuro,direct,,
imungkahi,,mosugyot ,,pose,,
mag-iwan,,mobiya ,palubos,leave,,
kanta,,lente ,canta,song,,
sukatin,,sukod ,rucod,measure,,
pinto,,pultahan,ridaw,door,,
produkto,,produkto,produkto,product,,
itim,,itom ,nangisit,black,,
maikling,,mubo ,ababa,short,,
numeral,,numero ,numero,numeral,,
klase,,klase,class,class,,
hangin,,hangin,angin,wind,,
tanong,,pangutana ,saludsod,question,,
mangyari,,mahitabo ,an-ano,happen,,
kumpleto,,kompleto ,leppas,complete,,
barko,,barko,bapor,ship,,
lugar,,dapit ,kalawa,area,,
kalahati,,katunga ,gudua,half,,
bato,,bato ,bato,rock,,
pagkakasunud-sunod,,pagkasunodsunod ,urnos,order,,
sunog,,kalayo ,pudot,fire,,
timog,,habagatan ,abagatan,south,,
problema,,problema,problema,problem,,
piraso,,piraso,p[irgis,piece,,
sinabi,,miingon ,kuna,told,,
alam,,kinaiyahan ,ammo,knew,,
pumasa,,pasado ,pasado,pass,,
mula noong,,sukad pa ,nanipud,since,,
tuktok,,ibabaw ,rabaw,top,,
kabuuan,,kinatibuk-an ,sibubukel,whole,,
king,,hari ,ari,king,,
kalye,,dalan ,calle,street,,
inch,,pulgada ,pulgada,inch,,
paramihin,,magpadaghan ,paaduen,multiply,,
walang anuman,,gidawat nimo,ania ti ania man,nothing,,
Siyempre,,alangan ,wen ah,course,,
manatili,,magpabilin ,gian,stay,,
gulong,,ligid ,pilid,wheel,,
ganap,,hingpit ,,full,,
puwersa,,pwersa ,puersa,force,,
asul,,asul,asul,blue,,
bagay,,butang ,sumupiat,object,,
magpasiya,,pagdesisyon ,ikeddeng,decide,,
pang-ibabaw,,ibabaw ,rabaw,surface,,
malalim,,lawom ,adalem,deep,,
gumala,,magsuroysuroy ,,moon,,
isla,,isla,puro,island,,
paa,,tiil ,kadapan,foot,,
sistema,,sistema,sistema,system,,
maraming ginagawa,,okupar ,addaan iti aramid,busy,,
pagsubok,,pagsulay ,suot,test,,
talaan,,mga rekord ,lista naummong a pacaammo,record,,
bangka,,sakayan ,vapor,boat,,
karaniwan,,kasagaran ,sapasap,common,,
ginto,,bulawan ,balitoc,gold,,
posible,,posible,posible,possible,,
eroplano,,eroplano,catam,plane,,
stead,,puli ,,stead,,
dry,,uga ,namaga,dry,,
Wonder,,katingalahan ,datlag,wonder,,
patawanin,,patawanin,agcatawa,laugh,,
libo,,libo,sangaribu,thousand,,
nakaraan,,miagi ,itay,ago,,
Pinatatakbo ng,,gipadagan sa ,nagtaray,ran,,
suriin,,susiha ,tubngen,check,,
laro,,duwa ,ayam,game,,
hugis,,porma ,sucong,shape,,
Tutumbas,,tutumbas,,equate,,
mainit,,init ,pudot,hot,,
tamaan,,naigo ,iliw,miss,,
nagdala,,gidala ,innalak,brought,,
init,,init,pudot,heat,,
snow,,niyebe ,hielo,snow,,
gulong,,ligid ,bannog,tire,,
dalhin,,pagdala ,alaen,bring,,
yes,,oo ,wen,yes,,
malayo,,layo kaayo ,adayo,distant,,
punuin,,pun-on ,punnuen,fill,,
silangan,,silangan,daya,east,,
pintahan,,pintal ,pintura,paint,,
wika,,pinulongan,pagsasao,language,,
kasama ng,,uban sa ,cadagiti,among,,
yunit,,yunit,yunit,unit,,
kapangyarihan,,gahum ,pannakabalin,power,,
bayan,,nasud ,ili,town,,
mainam,,mainam,nasayaat,fine,,
tiyak,,sigurado ,napudno,certain,,
lumipad,,lupad ,agilaw,fly,,
mahulog,,pagkahulog ,natumba,fall,,
pangunahan,,tingga ,daulo,lead,,
sigaw,,singgit ,sangit,cry,,
dark,,ngitngit ,nasipnget,dark,,
makina,,makina,maquina,machine,,
tala,,istorya ,pakasaritaan,note,,
maghintay,,paghulat ,aguray,wait,,
plano,,plano,panunot,plan,,
pigura,,bayanan ,langa,figure,,
star,,bituon ,bituen,star,,
kahon,,kahon,cajon,box,,
pangngalan,,noun,banag,noun,,
patlang,,kapatagan ,tanap,field,,
pahinga,,buwag ,inana,rest,,
tama,,husto ,payso,correct,,
kaya,,mahimo ,gaway,able,,
pound,,libra ,libra,pound,,
tapos,,tapos,leppas,done,,
beauty,,katahom ,pintas,beauty,,
biyahe,,biyahe,biahe,drive,,
nakatayo,,nga nagatindog ,takder,stood,,
may,,naglangkob ,laonen,contain,,
front,,atubangan ,sango,front,,
magturo,,pagtudlo ,sursuro,teach,,
linggo,,semana ,lawas,week,,
panghuling,,katapusan ,ultimo,final,,
ibinigay,,gihatag ,innikkam,gave,,
berde,,berde,berde,green,,
oh,,oh,oh,oh,,
mabilis,,paspas ,siglat,quick,,
bumuo,,pagpalambo,pasayaaten,develop,,
karagatan,,kadagatan ,baybay,ocean,,
mainit-init,,init ,pudot,warm,,
libre,,libre,libre,free,,
minutong,,minuto ,minuto,minute,,
malakas,,lig-on ,napigsa,strong,,
espesyal na,,espesyal ,baro,special,,
isip,,hunahuna ,isip,mind,,
sa likod ng,,sa luyo ,tanlikodam,behind,,
malinaw,,klaro ,lawag,clear,,
buntot,,ikog ,ipus,tail,,
gumawa,,paghimo ,,produce,,
katunayan,,tinuod ,ti puduo,fact,,
puwang,,luna ,nagbaetan,space,,
narinig,,nakadungog ,natimud,heard,,
pinakamahusay,,labing maayo ,casayaatan,best,,
oras,,panahon ,oras,hour,,
mas mabuti,,mas maayo ,nasaysayaat,better,,
totoo,,tinuod ,agpayso,TRUE,,
sa panahon ng,,atol sa ,bayat,during,,
daang,,daang,sangagasut,hundred,,
lima,,lima,lima,five,,
tandaan,,hinumdumi ,lagip,remember,,
hakbang,,lakang ,addang,step,,
maagang,,sa sayo ,sapa,early,,
matagalan,,paghawid ,mangiggem,hold,,
kanluran,,kasadpan ,laud,west,,
lupa,,kalimtan ,daga,ground,,
interes,,interes,gungonna,interest,,
maabot,,abot ,danon,reach,,
mabilis,,paspas ,daras,fast,,
pandiwa,,berbo ,verbo,verb,,
kantahin,,mokanta ,agkanta,sing,,
makinig,,paminaw ,denggen,listen,,
anim,,anim,innem,six,,
talahanayan,,lamesa ,lamisaan,table,,
paglalakbay,,pagbiyahe ,agbaniaga,travel,,
mas,,mas,bassit,less,,
umaga,,buntag ,bigat,morning,,
sampu,,napulo ,dies,ten,,
simple,,yano ,nanumo,simple,,
ilang,,ang uban ,adu,several,,
patinig,,bokales ,dagiti letra,vowel,,
patungo,,padulong sa ,agturong idiay,toward,,
digmaan,,gubat ,gubat,war,,
mag-ipon,,higda ,iyaplag,lay,,
laban,,batok ,maisupiat,against,,
pattern,,sumbanan ,korte,pattern,,
mabagal,,hinay ,nabuntog,slow,,
gitna,,sentro ,tengnga,center,,
pag-ibig,,gugma ,ayat,love,,
tao,,tawo ,tao,person,,
pera,,kwarta ,kuarta,money,,
maghatid,,paghatod ,aramat,serve,,
lumitaw,,nagpakita ,nagpakita,appear,,
kalsada,,sa dalan ,dalan,road,,
mapa,,mapa,mapa,map,,
ulan,,ulan,tudo,rain,,
panuntunan,,lagda ,linteg,rule,,
namamahala sa,,nakahimo sa ,turay,govern,,
hilahin,,pagbira ,guyod,pull,,
malamig,,bugnaw ,lamek,cold,,
notice,,pahibalo ,madlaw,notice,,
boses,,tingog,boses,voice,,
enerhiya,,kusog,enerhia,energy,,
Hunt,,pagpangayam,anup,hunt,,
malamang,,lagmit,,probable,,
kama,,sama sa,,bed,,
kapatid na lalaki,,igsoon,,brother,,
itlog,,itlog,,egg,,
pagsakay,,sakay,,ride,,
cell,,selda,,cell,,
maniwala,,motuo,,believe,,
marahil,,tingali,,perhaps,,
pumili,,pagpili,,pick,,
walang anu-ano,,wala,,sudden,,
bilangin,,ihap,,count,,
parisukat,,kuwadrado,,square,,
dahilan,,rason,,reason,,
haba,,dugay,,length,,
katawanin,,gilangkob,,represent,,
sining,,arte,,art,,
paksa,,hilisgutan,,subject,,
rehiyon,,rehiyon,,region,,
laki,,gidak-on,,size,,
mag-iba,,pabag o,,vary,,
tumira,,paghusay,,settle,,
magsalita,,pagsulti,,speak,,
timbang,,timbangon,,weight,,
pangkalahatan,,kasagaran,,general,,
yelo,,yelo,,ice,,
bagay,,butang,,matter,,
lupon,,tabla,,circle,,
pares,,parisan,,pair,,
isama,,apil,,include,,
hatiin,,bahina,,divide,,
pantig,,silaba,,syllable,,
pyeltro,,gibati,,felt,,
malaki at maganda,,dako ug gwapa,,grand,,
ball,,bola,,ball,,
pa,,pa,,yet,,
alon,,alon,,wave,,
drop,,ihulog,,drop,,
puso,,kasingkasing,,heart,,
am,,am,,am,,
kasalukuyan,,presente,,present,,
mabigat,,bug-at,,heavy,,
sayaw,,sayaw,,dance,,
engine,,makina,,engine,,
posisyon,,posisyon,,position,,
braso,,bukton,,arm,,
malawak,,lapad,,wide,,
layag,,layag,,sail,,
materyal,,materyal nga,,material,,
maliit na bahagi,,gamay nga bahin,,fraction,,
gubat,,gubat,,forest,,
umupo,,lingkod,,sit,,
lahi,,lumba,,race,,
window,,bintana,,window,,
tindahan,,tindahan,,store,,
tag-araw,,tag adlaw,,summer,,
tren,,tren,,train,,
tulog,,natulog,,sleep,,
patunayan,,pamatud an,,prove,,
kaisa-isa,,nag inusara,,lone,,
binti,,anak nga babaye,,leg,,
pagsasanay,,pagbansay,,exercise,,
pader,,bungbong,,wall,,
catch,,dakpon,,catch,,
may kabit,,uban sa kabit,,mount,,
nais,,gusto,,wish,,
langit,,ang langit,,sky,,
board,,tabla,,board,,
kagalakan,,kalipay,,joy,,
taglamig,,tingtugnaw,,winter,,
Sab,,sab,,sat,,
nakasulat,,gisulat,,written,,
ligaw,,ihalas,,wild,,
instrumento,,instrumento,,instrument,,
pinananatiling,,gitipigan,,kept,,
salamin,,bildo,,glass,,
damo,,balili,,grass,,
baka,,baka,,cow,,
trabaho,,trabaho,,job,,
gilid,,kilid,,edge,,
lagdaan,,timaan,,sign,,
pagbisita,,pagbisita,,visit,,
nakalipas,,kaniadto,,past,,
malambot,,humok,,soft,,
magsaya,,maglingaw-lingaw,,fun,,
maliwanag,,dayag,,bright,,
gas,,gas,,gas,,
lagay ng panahon,,kahimtang sa panahon,,weather,,
buwan,,bulan,,month,,
milyon,,milyon,,million,,
madala,,oso,,bear,,
tapusin,,paghuman,,finish,,
masaya,,lingaw,,happy,,
Umaasa,,paglaum,,hope,,
bulaklak,,mga bulak,,flower,,
damitan,,sinina,,clothe,,
kakaiba,,katingad-an,,strange,,
nawala,,nawala,,gone,,
kalakalan,,pamatigayon,,trade,,
Melody,,melodiya,,melody,,
paglalakbay,,pagbyahe,,trip,,
opisina,,opisina,,office,,
tumanggap,,makadawat,,receive,,
hilera,,laray,,row,,
bibig,,baba,,mouth,,
eksaktong,,eksakto,,exact,,
simbolo,,simbolo,,symbol,,
mamatay,,mamatay,,die,,
hindi bababa sa,,labing menos,,least,,
pag-,,pag,,trouble,,
sigaw,,singgit,,shout,,
maliban sa,,gawas,,except,,
Isinulat ni,,gisulat ni,,wrote,,
buto,,bukog,,seed,,
tono,,tono,,tone,,
sumali,,apil,,join,,
iminumungkahi,,sugyot,,suggest,,
malinis,,limpyo,,clean,,
bakasyon,,bakasyon,,break,,
ginang ng bansa,,babaye,,lady,,
bakuran,,nataran,,yard,,
tumaas,,pagbangon,,rise,,
masama,,daotan,,bad,,
pumutok,,mobuto,,blow,,
langis,,lana,,oil,,
dugo,,dugo,,blood,,
kalabitin,,paghikab,,touch,,
lumago,,motubo,,grew,,
sentimo,,pagbati,,cent,,
paghaluin,,sagol,,mix,,
koponan,,kaalyado,,team,,
wire,,alambre,,wire,,
gastos,,gasto,,cost,,
nawala,,nawala,,lost,,
kayumanggi,,kape,,brown,,
magsuot,,magsul-ob,,wear,,
hardin,,tanaman,,garden,,
kapantay,,managsama,,equal,,
ipinadala,,gipadala,,sent,,
piliin,,pilia,,choose,,
patumbahin,,mapandol,,fell,,
umangkop,,mohaum,,fit,,
dumaloy,,modagayday,,flow,,
makatarungan,,patas,,fair,,
bangko,,bangko,,bank,,
mangolekta,,pagkolekta,,collect,,
i-save ang,,ipadalpin ang,,save,,
kontrol,,kontrol,,control,,
decimal,,desimal,,decimal,,
tainga,,dalunggan,,ear,,
iba pa,,uban,,else,,
medyo,,medyo,,quite,,
sinira,,pagbungkad,,broke,,
kaso,,kaso,,case,,
gitna,,tunga-tunga,,middle,,
pumatay,,pagpatay,,kill,,
anak,,anak,,son,,
dagat-dagatan,,linaw sa dagat,,lake,,
sandali,,paghulat,,moment,,
iskala,,timbangan,,scale,,
malakas,,lig-on,,loud,,
tagsibol,,tingpamulak,,spring,,
obserbahan,,bantayanan,,observe,,
anak,,anak,,child,,
tuwid,,tul-id,,straight,,
katinig,,konsonante,,consonant,,
bansa,,nasud,,nation,,
diksyunaryo,,diksyonaryo,,dictionary,,
gatas,,gatas,,milk,,
bilis,,paspas,,speed,,
pamamaraan,,teknik,,method,,
organ,,organo,,organ,,
bayaran,,bayad,,pay,,
edad,,edad,,age,,
seksyon,,seksyon,,section,,
damit,,sinina,,dress,,
cloud,,panganod,,cloud,,
sorpresa,,katingala,,surprise,,
tahimik,,hilom,,quiet,,
bato,,bato,,stone,,
maliit na maliit,,pig-ot kaayo,,tiny,,
umakyat,,mosaka,,climb,,
malamig,,bugnaw,,cool,,
disenyo,,disenyo,,design,,
mahirap,,lisod,,poor,,
marami,,daghan,,lot,,
eksperimento,,eksperimento,,experiment,,
ilalim,,ubos,,bottom,,
key,,yawe,,key,,
bakal,,kabubut-on,,iron,,
single,,ulitawo,,single,,
stick,,sungkod,,stick,,
flat,,patag,,flat,,
dalawampu’t,,baynte,,twenty,,
balat,,panit,,skin,,
ngiti,,pahiyom,,smile,,
crease,,lukot,,crease,,
butas,,lungag,,hole,,
tumalon,,ambak,,jump,,
sanggol,,bata,,baby,,
walo,,walo,,eight,,
nayon,,balangay,,village,,
matugunan,,magkita,,meet,,
ugat,,gamut,,root,,
bumili,,pagpalit,,buy,,
taasan,,pagdugang,,raise,,
malutas,,nasulbad,,solve,,
metal,,metal,,metal,,
kung,,kon,,whether,,
push,,pagduso,,push,,
pito,,pito,,seven,,
talata,,parapo,,paragraph,,
ikatlong,,ikatulo,,third,,
tiyak,,sigurado,,shall,,
pinigilang,,gipugngan,,held,,
buhok,,buhok,,hair,,
ilarawan,,ihulagway,,describe,,
tagaluto,,magluto,,cook,,
palapag,,salog,,floor,,
alinman sa,,bisan hain sa,,either,,
resulta,,resulta,,result,,
sumunog,,paso,,burn,,
burol,,bungtod,,hill,,
ligtas,,luwas,,safe,,
pusa,,iring,,cat,,
siglo,,siglo,,century,,
isaalang-alang,,hunahunaa,,consider,,
uri ng,,matang sa,,type,,
batas,,balaod,,law,,
bit,,gamay,,bit,,
baybayin,,baybayon,,coast,,
kopya,,gikopya,,copy,,
parirala,,hugpong sa mga pulong,,phrase,,
walang sinasabi,,walay masulti,,silent,,
matangkad,,taas,,tall,,
ng buhangin,,sa balas,,sand,,
lupa,,kalimtan,,soil,,
roll,,ligid,,roll,,
temperatura,,temperatura,,temperature,,
daliri,,mga tudlo,,finger,,
industriya,,industriya,,industry,,
halaga,,bili,,value,,
lumaban,,pagsukol,,fight,,
kasinungalingan,,bakak,,lie,,
matalo,,gibunalan,,beat,,
gumising,,pagmata,,excite,,
natural,,natural,,natural,,
pagtingin,,panglantaw,,view,,
pakiramdam,,pagbati,,sense,,
kapital,,kapital,,capital,,
hindi maaari,,dili pwede,,won’t,,
silya,,siya,,chair,,
panganib,,risgo,,danger,,
prutas,,prutas,,fruit,,
mayaman,,dato,,rich,,
makapal,,baga,,thick,,
kawal,,sundalo,,soldier,,
proseso,,proseso,,process,,
magpatakbo,,dagan,,operate,,
kasanayan,,kahanas,,practice,,
hiwalay,,bulag,,separate,,
mahirap,,lisod,,difficult,,
manggagamot,,mananambal,,doctor,,
mangyaring,,mahitabo,,please,,
ipagtanggol,,depensahan,,protect,,
tanghali,,udto,,noon,,
crop,,tanom,,crop,,
modernong,,moderno nga,,modern,,
elemento,,elemento,,element,,
pindutin ang,,tupluka ang,,hit,,
mag-aaral,,estudyante,,student,,
sulok,,eskina,,corner,,
partido,,party,,party,,
panustos,,suplay,,supply,,
kung saan ang,,diin ang,,whose,,
hanapin,,pangitaa,,locate,,
singsing,,singsing,,ring,,
katangian,,kinaiya,,character,,
insekto,,insekto,,insect,,
nahuli,,nadakpan,,caught,,
panahon,,panahon,,period,,
ipahiwatig,,nagpaila,,indicate,,
radyo,,radyo,,radio,,
nagsalita,,misulti,,spoke,,
atom,,atomo,,atom,,
pantao,,pang tawo,,human,,
kasaysayan,,kasaysayan,,history,,
epekto,,epekto,,effect,,
de-kuryenteng,,de-kuryente,,electric,,
inaasahan,,gipaabot,,expect,,
buto,,bukog,,bone,,
rail,,riles,,rail,,
isipin,,hunahunaa,,imagine,,
magbigay,,nihatag/paghatag,,provide,,
Sumasang-ayon,,ni-uyon or mouyon,,agree,,
kaya,,Mao nga,,thus,,
magiliw,,makalingaw,,gentle,,
babae,,babaye,,woman,,
kapitan,,kapitan,,captain,,
hulaan,,tag-naa,,guess,,
kinakailangan,,gikinahanglan,,necessary,,
matalim,,talinis,,sharp,,
wing,,pako,,wing,,
lumikha,,paghimo,,create,,
kapit-bahay,,silingan,,neighbor,,
wash,,manghugas,,wash,,
bat,,bat,,bat,,
sa lalong maliwanag,,mas klaro,,rather,,
karamihan ng tao,,kadaghanan sa tawo,,crowd,,
mais,,mais,,corn,,
ihambing,,itandi,,compare,,
tula,,tula,,poem,,
string,,hilo,,string,,
kampanilya,,kampana,,bell,,
depende,,depende,,depend,,
karne,,karne,,meat,,
kuskusin,,kuskusa,,rub,,
tube,,tubo,,tube,,
sikat,,subang,,famous,,
dollar,,dolyar,,dollar,,
stream,,sapa,,stream,,
takot,,hadlok,,fear,,
paningin,,panan-aw,,sight,,
manipis,,nipis,,thin,,
tatsulok,,triyanggulo,,triangle,,
planeta,,planeta,,planet,,
magmadali,,pagdalo,,hurry,,
mahalaga sa lahat,,importante sa tanan,,chief,,
kolonya,,kolonya,,colony,,
orasan,,orasan,,clock,,
minahan,,minahan,,mine,,
itali,,ihikot,,tie,,
magpasok,,magpasulod,,enter,,
pangunahing,,nag-una,,major,,
sariwa,,lab-as,,fresh,,
paghahanap,,pagpangita,,search,,
magpadala ng,,ipadala,,send,,
dilaw,,yilo,,yellow,,
gun,,pusil,,gun,,
pumayag,,pagtugot,,allow,,
naka-print,,naka-imprinta,,print,,
patay,,patay,,dead,,
spot,,dapit,,spot,,
disyerto,,desyerto,,desert,,
suit,,suit,,suit,,
kasalukuyan,,sa pagkakarun,,current,,
pag-angat,,pag alsa,,lift,,
tumaas,,pagbangon,,rose,,
dumating,,niabot,,arrive,,
master,,Agalon,,master,,
track,,track,,track,,
magulang,,ginikanan,,parent,,
baybayin,,baybayon,,shore,,
dibisyon,,pagkabahin,,division,,
sheet,,panid,,sheet,,
bagay,,butang,,substance,,
paboran,,pabor,,favor,,
ikonekta,,isumpay,,connect,,
post,,post,,post,,
gumastos,,mogasto,,spend,,
chord,,chord,,chord,,
taba,,tambok,,fat,,
natutuwa,,malipayon,,glad,,
orihinal,,orihinal,,original,,
magbahagi,,manghatag,,share,,
station,,estasyon,,station,,
ama,,amahan,,dad,,
tinapay,,pan,,bread,,
sumingil,,manukot,,charge,,
mga pangngalang,,mga ngalan,,proper,,
bar,,barita,,bar,,
alok,,tanyag,,offer,,
segment,,bahin,,segment,,
alipin,,ulipon,,slave,,
pato,,paro,,duck,,
instant,,kalit,,instant,,
merkado,,merkado,,market,,
digri,,digri,,degree,,
mapuno,,pun-on,,populate,,
Chick,,aping,,chick,,
mahal,,mahal,,dear,,
kaaway,,kaaway,,enemy,,
sumagot,,motubag,,reply,,
inumin,,im-na,,drink,,
maganap,,mahitabo,,occur,,
suporta,,suporta,,support,,
na salita,,mga pulong,,speech,,
likas na katangian,,natural na kinaiya,,nature,,
hanay,,grupo,,range,,
steam,,alisngaw,,steam,,
galaw,,lihok,,motion,,
landas,,agianan,,path,,
likido,,likido,,liquid,,
mag-log,,sa paglog,,log,,
nakalaan lamang ito,,gitagana kini,,meant,,
quotient,,quotient,,quotient,,
ngipin,,ngipon,,teeth,,
shell,,kabhang,,shell,,
leeg,,leeg,,neck,,
oxygen,,oksiheno,,oxygen,,
asukal,,asukar,,sugar,,
kamatayan,,kamatayon,,death,,
medyo,,medyo,,pretty,,
kasanayan,,kahanas,,skill,,
kababaihan,,mga babaye,,women,,
season,,panahon,,season,,
solusyon,,solusyon,,solution,,
magneto,,magneto,,magnet,,
pilak,,pilak,,silver,,
pasasalamat,,salamat,,thank,,
sangay,,sanga,,branch,,
pagtutugma,,pagpares,,match,,
suffix,,suffix,,suffix,,
lalo na,,ilabina,,especially,,
fig,,fig,,fig,,
takot,,hadlok,,afraid,,
malaking,,dako,,huge,,
kapatid na babae,,igsoon na babae,,sister,,
asero,,puthaw,,steel,,
talakayin,,maghisgot,,discuss,,
pasulong,,paglubog,,forward,,
katulad,,parehas,,similar,,
patnubayan,,giya,,guide,,
karanasan,,kasintahan,,experience,,
iskor,,iskor,,score,,
mansanas,,mansanas,,apple,,
bumili,,mipalit,,bought,,
humantong,,miabot,,led,,
pitch,,pitch,,pitch,,
amerikana,,amerikano,,coat,,
masa,,panahon,,mass,,
kard,,kard,,card,,
band,,banda,,band,,
ng lubid,,sa pisi,,rope,,
isuot na madali,,isul ob ug dali,,slip,,
panalo,,daog,,win,,
mangarap,,damgo,,dream,,
gabi,,gabii,,evening,,
kalagayan,,kahimtang,,condition,,
feed,,pakaonon,,feed,,
kasangkapan,,gamit,,tool,,
kabuuan,,katibok an,,total,,
pangunahing,,nag-una,,basic,,
amoy,,baho,,smell,,
lambak,,mga balud,,valley,,
at hindi rin,,ug dili usab,,nor,,
double,,doble,,double,,
upuan,,lingkuranan,,seat,,
magpatuloy,,ipadayon,,continue,,
bloke,,bloke,,block,,
tsart,,tsart,,chart,,
sumbrero,,kalo,,hat,,
ibenta,,ibaligya,,sell,,
tagumpay,,kalampusan,,success,,
kompanya,,kompanya,,company,,
ibawas,,kuhaan,,subtract,,
kaganapan,,panghitabo,,event,,
partikular na,,partikular,,particular,,
deal,,deal,,deal,,
lumangoy,,molangoy,,swim,,
taning,,panit,,term,,
sa tapat ng,,sa atubangan,,opposite,,
asawa,,asawa ,,wife,,
sapatos,,sapatos,,shoe,,
balikat,,abaga,,shoulder,,
pagkalat,,pagkaylap,,spread,,
mag-ayos,,ayuhon,,arrange,,
kampo,,kampo,,camp,,
imbentuhin,,imbento,,invent,,
koton,,gapas,,cotton,,
isinilang,,gihimogso,,born,,
matukoy,,pagtino,,determine,,
quart,,quart,,quart,,
siyam,,syam,,nine,,
trak,,trak,,truck,,
ingay,,samok,,noise,,
antas,,lebel,,level,,
pagkakataon,,kahigayonan,,chance,,
magtipon,,magtapok,,gather,,
shop,,tindahan,,shop,,
banatin,,pag-inat,,stretch,,
magtapon,,ilabay,,throw,,
kinang,,kinang,,shine,,
ari-arian,,kabtangan,,property,,
haligi,,haligi,,column,,
Molekyul,,molekula,,molecule,,
piliin,,pilion,,select,,
mali,,gamay,,wrong,,
kulay-abo,,abohon,,gray,,
paulit-ulit na,,na-pirme,,repeat,,
nangangailangan ng,,nanginahanglan,,require,,
malawak,,lapad,,broad,,
maghanda,,mangandam,,prepare,,
asin,,asin,,salt,,
ilong,,ilong,,nose,,
pangmaramihang,,plural,,plural,,
galit,,suko,,anger,,
ang claim,,ang pang-angkon,,claim,,
kontinente,,kontinente,,continent,,